age_numeric,ci_lower,ci_upper,mean
2,0.20356544736395576,0.2988076440378603,0.2494419573061691
3,0.16965090941090055,0.25654175930424117,0.2119564333790024
4,0.17596393540956234,0.2629714227329438,0.21760913610340477
5,0.204483420910737,0.3049105439065291,0.25305644302030367
6,0.24715569588771039,0.35595377288393126,0.2997597620002606
7,0.2958685102455491,0.4084633998490304,0.35084402074068205
8,0.33245701560414376,0.45849074281438784,0.3935295161579933
9,0.370864658783268,0.4729675279097683,0.4221284493419174
10,0.39000558686318365,0.5090808859141778,0.4496641984551027
