recognizer_age_numeric,ci_lower,ci_upper,mean
3,0.37647726966522144,0.4303400605582175,0.4024035179127263
4,0.4174009430896114,0.46091704481855594,0.4381893094801427
5,0.45037920920746144,0.4981093047698303,0.4738367571515089
6,0.5127766468582575,0.5674121061241826,0.539623310296696
7,0.5649824073952444,0.6191362041082623,0.5908564037336654
8,0.5664482616096327,0.6330374087304704,0.6002749495263907
9,0.5204776870256806,0.6075200973138553,0.5653787283033086
10,0.5576752523016169,0.631980122356149,0.5964961504297225
