age_numeric,layer,ci_lower,ci_upper,mean
2,FC6,0.021428019328069647,0.10763069965156,0.06421784914880145
3,FC6,0.02933062958155113,0.12452916771098202,0.07669388734322516
4,FC6,0.04381577033341207,0.13995143700416496,0.09189910601897415
5,FC6,0.03818983048303181,0.12488133321925786,0.08302275028343827
6,FC6,0.04182699353953077,0.13663099512785806,0.09033723569430445
7,FC6,0.05238205409096508,0.15844687380298186,0.10202375352668877
8,FC6,0.0513100554910242,0.17305157458057063,0.10595377723418231
9,FC6,0.022435977391042708,0.13234882912919405,0.07759514047640406
10,FC6,0.07267238057880614,0.18574308799422742,0.1308717368876754
