recognizer_age_numeric,ci_lower,ci_upper,mean
3,0.375253017586466,0.42983412393587966,0.4024035179127263
4,0.41656446693081434,0.46063009310778497,0.4381893094801427
5,0.4511838299068847,0.4985783516342347,0.4738367571515089
6,0.5127237987521874,0.5658351339733435,0.539623310296696
7,0.5617280972096964,0.6171473006471054,0.5908564037336654
8,0.5641302984707149,0.6322758785885593,0.6002749495263907
9,0.5213917945451608,0.610097590898226,0.5653787283033086
10,0.5563849615130012,0.6353520315758493,0.5964961504297225
